,cursor_vis,midpoint_vis,endpoint_vis,cursor_sig,cursor_mp_sig,cursor_ep_sig,clamp,rot,trial,cycle,target_angle,"
                'instruct_phase': [instruct_phase[current_trial]],
                'instruct_state': [instruct_state[current_trial]],
                endpoint_theta",movement_time,movement_initiation_time
0,1.0,1.0,0.0,0.0,0.0,0.0,0.0,0.0,1,0,90,90.2664900760584,0.05343462499990892,0.6068440000000237
0,1.0,1.0,0.0,0.0,0.0,0.0,0.0,0.0,2,1,90,89.32990447777549,0.055657540999959565,0.34928962499998306
0,0.0,1.0,0.0,0.0,1.0,0.0,0.0,-14.245592050761132,3,2,90,91.00508600525419,2.6566754589999846,0.7264243330000681
0,0.0,1.0,0.0,0.0,1.0,0.0,0.0,-11.043906472338893,4,3,90,90.0,0.3470828749999555,0.0043786669999690275
0,0.0,1.0,0.0,0.0,1.0,0.0,0.0,-11.899692169424686,5,4,90,87.76520114126113,0.08318945799999256,0.35254445799989753
0,0.0,1.0,0.0,0.0,1.0,0.0,0.0,-15.505033785071394,6,5,90,89.38394009160078,0.08498050000002877,0.3083598330000541
0,0.0,0.0,0.0,0.0,0.0,0.0,0.0,0.0,7,6,90,92.79270236571328,0.0909518340000659,0.4574875419999671
