,cursor_vis,midpoint_vis,endpoint_vis,cursor_sig,cursor_mp_sig,cursor_ep_sig,clamp,rot,trial,cycle,target_angle,no_uncertainty,low_uncertainty,high_uncertainty,unlimited_uncertainty,endpoint_theta,movement_time,movement_initiation_time
0,1.0,1.0,0.0,0.0,0.0,0.0,0.0,0.0,1,0,90,0.0,0.0,0.0,0.0,90.32370152492024,0.13310195799931535,0.549096582999482
0,1.0,1.0,0.0,0.0,0.0,0.0,0.0,0.0,1,0,90,0.0,0.0,0.0,0.0,86.67259575827342,0.18313341699831653,0.4880922919983277
0,1.0,1.0,0.0,0.0,0.0,0.0,0.0,0.0,2,1,90,0.0,0.0,0.0,0.0,85.15599962491933,0.14085883300140267,0.23277512499771547
0,0.0,1.0,0.0,0.0,1.0,0.0,0.0,10.219415319285352,3,2,90,0.0,0.0,0.0,1.0,89.3376505526278,0.1605096669991326,0.3997794580027403
0,0.0,1.0,0.0,0.0,1.0,0.0,0.0,8.540001640797426,4,3,90,0.0,0.0,1.0,0.0,84.57477363157967,0.2865915000002133,0.33857054200052517
0,0.0,1.0,0.0,0.0,1.0,0.0,0.0,11.891038129117307,5,4,90,1.0,0.0,0.0,0.0,86.05481377096244,0.33559900000182097,0.46823650000078487
0,0.0,1.0,0.0,0.0,1.0,0.0,0.0,4.9565458743077615,6,5,90,0.0,1.0,0.0,0.0,86.72101374114558,0.21496525000111433,0.5092900419986108
0,0.0,0.0,0.0,0.0,0.0,0.0,0.0,0.0,7,6,90,0.0,0.0,0.0,0.0,86.50294026070176,0.18280091699853074,0.519104666000203
