,cursor_vis,midpoint_vis,endpoint_vis,cursor_sig,cursor_mp_sig,cursor_ep_sig,clamp,rot,trial,cycle,target_angle,no_uncertainty,low_uncertainty,high_uncertainty,unlimited_uncertainty,endpoint_theta,movement_time,movement_initiation_time
0,1.0,1.0,0.0,0.0,0.0,0.0,0.0,0.0,1,0,90,0.0,0.0,0.0,0.0,104.11694169556958,0.6154617920001328,0.6331593340000836
0,1.0,1.0,0.0,0.0,0.0,0.0,0.0,0.0,2,1,90,0.0,0.0,0.0,0.0,84.28940686250037,0.6498084999984712,0.7637899159999506
0,0.0,1.0,0.0,0.0,1.0,0.0,0.0,9.910643906764157,3,2,90,0.0,0.0,0.0,1.0,83.03903697375144,0.23300304200165556,0.4851677920014481
0,0.0,1.0,0.0,0.0,1.0,0.0,0.0,4.593702962942522,4,3,90,0.0,0.0,1.0,0.0,32.597116878234765,0.574346791003336,0.3996193339989986
0,0.0,1.0,0.0,0.0,1.0,0.0,0.0,8.977656477862418,5,4,90,1.0,0.0,0.0,0.0,120.79606204648597,0.5479733749998559,0.45119837499805726
0,0.0,1.0,0.0,0.0,1.0,0.0,0.0,19.94296355491785,6,5,90,0.0,1.0,0.0,0.0,85.98582430458897,0.926835750000464,0.46015308299683966
0,0.0,0.0,0.0,0.0,0.0,0.0,0.0,0.0,7,6,90,0.0,0.0,0.0,0.0,80.97545937377727,0.11659904199768789,0.41468370800066623
