,cursor_vis,midpoint_vis,endpoint_vis,cursor_sig,cursor_mp_sig,cursor_ep_sig,clamp,rot,trial,cycle,target_angle,no_uncertainty,low_uncertainty,high_uncertainty,unlimited_uncertainty,endpoint_theta,movement_time,movement_initiation_time
0,1.0,1.0,0.0,0.0,0.0,0.0,0.0,0.0,1,0,90,0.0,0.0,0.0,0.0,90.914216760449,0.07510299999921699,0.4498288330014475
0,1.0,1.0,0.0,0.0,0.0,0.0,0.0,0.0,2,1,90,0.0,0.0,0.0,0.0,89.70002483769609,0.06938083299974096,0.4413945420001255
0,0.0,1.0,0.0,0.0,1.0,0.0,0.0,9.910643906764157,3,2,90,0.0,0.0,0.0,1.0,90.54826823630421,0.08282150000013644,0.40836837500137335
0,0.0,1.0,0.0,0.0,1.0,0.0,0.0,4.593702962942522,4,3,90,0.0,0.0,1.0,0.0,91.66510605810369,0.11041420900073717,0.4337116660008178
0,0.0,1.0,0.0,0.0,1.0,0.0,0.0,8.977656477862418,5,4,90,1.0,0.0,0.0,0.0,95.13637849242774,0.0830702500006737,0.36633624999922176
0,0.0,1.0,0.0,0.0,1.0,0.0,0.0,19.94296355491785,6,5,90,0.0,1.0,0.0,0.0,90.62959860841028,0.07115004200022668,0.35024979199988593
0,0.0,0.0,0.0,0.0,0.0,0.0,0.0,0.0,7,6,90,0.0,0.0,0.0,0.0,89.34893961977052,0.08178312499876483,0.33383649999996123
