trial,x,y,cat,resp,rt
1,60.08511910601256,37.25879827770269,2,k,1.4666002243757248e-05
2,23.012255918126073,44.63091322831443,1,k,1.4125020243227482e-05
3,33.92655879815177,78.4120326521167,2,k,1.5416997484862804e-05
4,23.13521601152061,29.166895848517612,1,k,1.4958030078560114e-05
5,24.972471384550413,59.75224567599408,1,k,1.2582982890307903e-05
6,38.59589960929796,56.4197654907564,2,k,1.750001683831215e-05
7,33.72057757545747,56.07342395191419,2,k,1.77919864654541e-05
8,34.708826547373064,65.05747277315851,2,k,1.791701652109623e-05
