cursor_vis,midpoint_vis,endpoint_vis,cursor_sig,cursor_mp_sig,cursor_ep_sig,clamp,rot,no_uncertainty,low_uncertainty,high_uncertainty,unlimited_uncertainty,trial,cycle,target_angle
1.0,1.0,0.0,0.0,0.0,0.0,0.0,0.0,0.0,0.0,0.0,0.0,1,0,90
1.0,1.0,0.0,0.0,0.0,0.0,0.0,0.0,0.0,0.0,0.0,0.0,2,1,90
0.0,1.0,0.0,0.0,1.0,0.0,0.0,-12.055259731517006,0.0,0.0,0.0,1.0,3,2,90
0.0,1.0,0.0,0.0,1.0,0.0,0.0,-9.5580857313774,0.0,0.0,1.0,0.0,4,3,90
0.0,1.0,0.0,0.0,1.0,0.0,0.0,-11.296590796468859,1.0,0.0,0.0,0.0,5,4,90
0.0,1.0,0.0,0.0,1.0,0.0,0.0,-17.116567091462375,0.0,1.0,0.0,0.0,6,5,90
0.0,0.0,0.0,0.0,0.0,0.0,0.0,0.0,0.0,0.0,0.0,0.0,7,6,90
