cursor_vis,midpoint_vis,endpoint_vis,cursor_sig,cursor_mp_sig,cursor_ep_sig,clamp,rot,no_uncertainty,low_uncertainty,high_uncertainty,unlimited_uncertainty,trial,cycle,target_angle
1.0,1.0,0.0,0.0,0.0,0.0,0.0,0.0,0.0,0.0,0.0,0.0,1,0,90
1.0,1.0,0.0,0.0,0.0,0.0,0.0,0.0,0.0,0.0,0.0,0.0,2,1,90
0.0,1.0,0.0,0.0,1.0,0.0,0.0,10.113108195519152,0.0,0.0,0.0,1.0,3,2,90
0.0,1.0,0.0,0.0,1.0,0.0,0.0,11.418561863794743,0.0,0.0,1.0,0.0,4,3,90
0.0,1.0,0.0,0.0,1.0,0.0,0.0,7.17009287569293,1.0,0.0,0.0,0.0,5,4,90
0.0,1.0,0.0,0.0,1.0,0.0,0.0,13.262936770754806,0.0,1.0,0.0,0.0,6,5,90
0.0,0.0,0.0,0.0,0.0,0.0,0.0,0.0,0.0,0.0,0.0,0.0,7,6,90
