cursor_vis,midpoint_vis,endpoint_vis,cursor_sig,cursor_mp_sig,cursor_ep_sig,clamp,rot,trial,cycle,target_angle
1.0,1.0,0.0,0.0,0.0,0.0,0.0,0.0,1,0,90
1.0,1.0,0.0,0.0,0.0,0.0,0.0,0.0,2,1,90
0.0,1.0,0.0,0.0,1.0,0.0,0.0,-14.245592050761132,3,2,90
0.0,1.0,0.0,0.0,1.0,0.0,0.0,-11.043906472338891,4,3,90
0.0,1.0,0.0,0.0,1.0,0.0,0.0,-11.899692169424688,5,4,90
0.0,1.0,0.0,0.0,1.0,0.0,0.0,-15.505033785071397,6,5,90
0.0,0.0,0.0,0.0,0.0,0.0,0.0,0.0,7,6,90
