condition,trial,sub_task,x,y,xt,yt,cat,resp,rt
2F4K,1,1,39.469546925725375,56.13413752457444,1.1360973073697118,57.75956238353023,1,n,2.340557200001058
2F4K,2,2,54.09761427605135,38.89676142824707,1.5399979476871806,42.614251156493566,1,v,0.7092265999999654
2F4K,3,1,43.12835107184661,54.05761342893863,1.2259078454795396,56.00374154107382,1,n,0.9589679000018805
