condition,trial,cue,x,y,xt,yt,cat,resp,rt
buttons,1,1,41.53451923312723,26.61568977614593,1.1859437445333345,31.41936670261265,2,d,0.0005194580007810146
buttons,2,1,48.33475804382229,28.874864485504325,1.3660807276922549,33.32288558141203,2,d,0.00042345799738541245
buttons,3,2,27.21537166168219,11.762744748358466,0.8805404286819266,20.51316148933229,1,k,0.0005977090040687472
buttons,4,2,56.683756502237024,46.807511185766046,1.6250822006735797,49.46393108404454,1,k,0.0006117919983807951
buttons,5,2,44.08386438342833,33.543990532623894,1.2505094253933169,37.39467695844638,1,d,0.0006238750065676868
