condition,trial,sub_task,x,y,xt,yt,cat,resp,rt
4F4K,1,2,26.42990915382668,67.42832434250711,0.8662751721102996,65.13115425247358,2,v,0.24104308302048594
4F4K,2,2,25.743923831608626,48.64216733627594,0.8540057655839793,50.56277693881476,2,v,5.0
4F4K,3,1,75.8209366956462,62.54741172175226,2.4193644322664274,61.67918433751933,2,c,0.10768825002014637
4F4K,4,1,24.643825092304798,53.93925752731805,0.8346913659026853,54.96466564972657,1,n,2.908645749965217
4F4K,5,2,26.886328160429997,51.432674266399964,0.8745361007731421,52.899796591473205,2,v,0.8031512919696979
