x,y,xt,yt,cat,trial_type,sub_task,condition,trial,message
60.875648447695426,71.01096215883557,1.7730945299020342,67.171132700083,1,trial_zero,1,4F4K,1,None
52.75990031423201,62.963410903309345,1.4977501826373958,61.72327806883994,2,switch,2,4F4K,2,None
45.45520628087038,23.265461335215438,1.2866825788329008,29.571550801482154,1,stay,2,4F4K,3,Nice work! Press any key to continue.
64.17821991544379,52.62209527484087,1.899140442400122,53.66014037757511,1,stay,2,4F4K,4,None
56.781881141267455,44.58530715177848,1.628401475969649,46.926477849333416,1,stay,2,4F4K,5,Nice work! Press any key to continue.
31.76724133297872,54.88758694084132,0.9679585937846461,55.502699247511515,1,switch,1,4F4K,6,None
