x,y,xt,yt,cat,trial_type,sub_task,condition,trial,message
39.36660370458222,56.461190021798366,1.133667928511674,55.960606544444026,1,trial_zero,1,2F4K,1,None
53.0881139183544,47.019210451519875,1.50800730532293,48.519967638515865,1,switch,2,2F4K,2,None
36.19682405041327,57.22910321433211,1.0613531127369285,56.541525819915236,2,stay,2,2F4K,3,Nice work! Press any key to continue.
43.74078912840446,61.44963091790561,1.2416199759996978,59.64158434785066,1,switch,1,2F4K,4,None
50.91459005531902,36.19858157604726,1.4413669812455676,39.756382991137215,1,switch,2,2F4K,5,Nice work! Press any key to continue.
49.91060225217792,37.67744107324714,1.4115870183585744,40.94374580320143,1,stay,2,2F4K,6,None
