,condition,trial,sub_task,x,y,xt,yt,cat,resp,rt
0,2F4K,1,1,26.12925307528557,43.41770625992464,0.8608761428428595,46.25934825980133,1,k,0.00048524996964260936
1,2F4K,2,2,64.76580916550853,45.32881004718461,1.9224875761435536,47.90687600148683,1,k,0.0006119159515947104
2,2F4K,3,2,49.7495815042541,28.631389650392965,1.4068684599774193,33.79721934968446,1,k,0.0004903340013697743
3,2F4K,4,1,62.012064867888924,49.59553612499836,1.8154937279741732,51.558425662090826,2,k,0.0005977079854346812
4,2F4K,5,1,63.467513733674956,74.53524886932567,1.8712799565902891,69.94650848459396,1,k,0.0006093750125728548
5,2F4K,6,2,52.49921240885537,65.93962850873541,1.489653066133645,64.44288621714763,2,d,0.000632041017524898
